<?xml version="1.0" encoding="utf-8"?>
<rss version="2.0" xmlns:sparkle="http://www.andymatuschak.org/xml-namespaces/sparkle">
<channel>
    <title>【小狼毫】輸入法更新頻道</title>
    <link>http://rime.github.io/release/weasel/appcast.xml</link>
    <description>小狼毫 Appcast 更新頻道</description>
    <language>zh</language>
    <item>
      <title>小狼毫 0.16.3</title>
      <sparkle:releaseNotesLink>http://rime.github.io/release/weasel/release-notes.html</sparkle:releaseNotesLink>
      <pubDate>Fri, 04 Oct 2024 21:08:10 +08:00</pubDate>
      <enclosure url="https://github.com/rime/weasel/releases/download/0.16.3/weasel-0.16.3.0-installer.exe"
                 sparkle:version="0.16.3"
                 type="application/octet-stream"/>
    </item>
  </channel>
</rss>
